Ref,Board,Pin,Pin name,Net,Domain
J1,power,1,L,L_IN,live
J1,power,2,N,N_IN,live
J1,power,3,L1,L_OUT1,live
J1,power,4,L2,L_OUT2,live
J1,power,5,L3,L_OUT3,live
F1,power,1,~,L_IN,live
F1,power,2,~,H_GND,live
PS1,power,1,AC_N,N_IN,live
PS1,power,5,AC_L,H_GND,live
PS1,power,7,5V,C_5V,cold
PS1,power,9,GND_COLD,C_GND,cold
RV1,power,1,LINE,N_IN,live
RV1,power,2,NEUTRAL,H_GND,live
K1,power,5,~,C_5V,cold
K1,power,1,~,C_COIL1,cold
K1,power,3,~,L_OUT1,live
K1,power,2,~,H_LOAD,live
Q1,power,1,G,C_GATE1,cold
Q1,power,2,S,C_GND,cold
Q1,power,3,D,C_COIL1,cold
R1,power,1,~,C_RELAY1,cold
R1,power,2,~,C_GATE1,cold
R4,power,1,~,C_GATE1,cold
R4,power,2,~,C_GND,cold
D1,power,1,K,C_5V,cold
D1,power,2,A,C_COIL1,cold
K2,power,5,~,C_5V,cold
K2,power,1,~,C_COIL2,cold
K2,power,3,~,L_OUT2,live
K2,power,2,~,H_LOAD,live
Q2,power,1,G,C_GATE2,cold
Q2,power,2,S,C_GND,cold
Q2,power,3,D,C_COIL2,cold
R2,power,1,~,C_RELAY2,cold
R2,power,2,~,C_GATE2,cold
R5,power,1,~,C_GATE2,cold
R5,power,2,~,C_GND,cold
D2,power,1,K,C_5V,cold
D2,power,2,A,C_COIL2,cold
K3,power,5,~,C_5V,cold
K3,power,1,~,C_COIL3,cold
K3,power,3,~,L_OUT3,live
K3,power,2,~,H_LOAD,live
Q3,power,1,G,C_GATE3,cold
Q3,power,2,S,C_GND,cold
Q3,power,3,D,C_COIL3,cold
R3,power,1,~,C_RELAY3,cold
R3,power,2,~,C_GATE3,cold
R6,power,1,~,C_GATE3,cold
R6,power,2,~,C_GND,cold
D3,power,1,K,C_5V,cold
D3,power,2,A,C_COIL3,cold
U2,power,1,EVENT1,NC,unused
U2,power,2,NC,NC,unused
U2,power,3,NC,NC,unused
U2,power,4,RX,H_RX,live
U2,power,5,COMMONA,H_COMMON,live
U2,power,6,OSCI,NC,unused
U2,power,7,OSCO,NC,unused
U2,power,8,NC,NC,unused
U2,power,9,NC,NC,unused
U2,power,10,RESET_N,H_RESET,live
U2,power,11,AVDD,H_AVDD,live
U2,power,12,TX,H_TX,live
U2,power,13,COMMONB,H_COMMON,live
U2,power,14,PWM,NC,unused
U2,power,15,EVENT2,NC,unused
U2,power,16,I+,H_IP,live
U2,power,17,I-,H_IM,live
U2,power,18,V-,H_VM,live
U2,power,19,V+,H_VP,live
U2,power,20,AN_IN,H_GND,live
U2,power,21,AGND,H_GND,live
U2,power,22,ZCD,NC,unused
U2,power,23,REF,H_REF,live
U2,power,24,DGND,H_GND,live
U2,power,25,DVDD,H_3V3,live
U2,power,26,MCLR_N,H_MCLR,live
U2,power,27,DGND,H_GND,live
U2,power,28,DR,NC,unused
U2,power,29,EP,H_GND,live
U3,power,1,VCC,C_3V3,cold
U3,power,2,GND1,C_GND,cold
U3,power,3,INA,C_UART_TX,cold
U3,power,4,OUTB,C_UART_RX,cold
U3,power,5,NC,NC,unused
U3,power,6,NC,NC,unused
U3,power,7,EN1,C_3V3,cold
U3,power,8,GND1,C_GND,cold
U3,power,9,GND2,H_GND,live
U3,power,10,NC,NC,unused
U3,power,11,SEL,H_GND,live
U3,power,12,NC,NC,unused
U3,power,13,INB,H_TX,live
U3,power,14,OUTA,H_RX,live
U3,power,15,GND2,H_GND,live
U3,power,16,VISO,H_3V3,live
R7,power,1,I_IN,H_GND,live
R7,power,2,S_IN,H_KELVIN_IN,live
R7,power,3,S_OUT,H_KELVIN_OUT,live
R7,power,4,I_OUT,H_LOAD,live
R8,power,1,~,H_KELVIN_OUT,live
R8,power,2,~,H_IP,live
R9,power,1,~,H_KELVIN_IN,live
R9,power,2,~,H_IM,live
R10,power,1,~,H_GND,live
R10,power,2,~,H_VM,live
R11,power,1,~,N_IN,live
R11,power,2,~,H_DIV1,live
R12,power,1,~,H_DIV1,live
R12,power,2,~,H_DIV2,live
R13,power,1,~,H_DIV2,live
R13,power,2,~,H_DIV3,live
R14,power,1,~,H_DIV3,live
R14,power,2,~,H_VP,live
R15,power,1,~,H_VP,live
R15,power,2,~,H_GND,live
R16,power,1,~,H_3V3,live
R16,power,2,~,H_AVDD,live
R17,power,1,~,H_3V3,live
R17,power,2,~,H_RESET,live
R18,power,1,~,H_3V3,live
R18,power,2,~,H_MCLR,live
C1,power,1,~,H_IP,live
C1,power,2,~,H_GND,live
C2,power,1,~,H_IM,live
C2,power,2,~,H_GND,live
C3,power,1,~,H_VM,live
C3,power,2,~,H_GND,live
C4,power,1,~,H_VP,live
C4,power,2,~,H_GND,live
C5,power,1,~,H_AVDD,live
C5,power,2,~,H_GND,live
C6,power,1,~,H_AVDD,live
C6,power,2,~,H_GND,live
C7,power,1,~,H_3V3,live
C7,power,2,~,H_GND,live
C8,power,1,~,H_REF,live
C8,power,2,~,H_GND,live
C9,power,1,~,H_RESET,live
C9,power,2,~,H_GND,live
C10,power,1,~,H_MCLR,live
C10,power,2,~,H_GND,live
C11,power,1,~,H_3V3,live
C11,power,2,~,H_GND,live
C12,power,1,~,H_3V3,live
C12,power,2,~,H_GND,live
C13,power,1,~,C_3V3,cold
C13,power,2,~,C_GND,cold
C14,power,1,~,C_3V3,cold
C14,power,2,~,C_GND,cold
C15,power,1,~,C_3V3,cold
C15,power,2,~,C_GND,cold
C16,power,1,~,C_5V,cold
C16,power,2,~,C_GND,cold
J2,power,1,5V,C_5V,cold
J2,power,2,GND,C_GND,cold
J2,power,3,3V3,C_3V3,cold
J2,power,4,RLY1,C_RELAY1,cold
J2,power,5,RLY2,C_RELAY2,cold
J2,power,6,RLY3,C_RELAY3,cold
J2,power,7,TX,C_UART_TX,cold
J2,power,8,RX,C_UART_RX,cold
J3,control,1,5V,C_5V,cold
J3,control,2,GND,C_GND,cold
J3,control,3,3V3,C_3V3,cold
J3,control,4,RLY1,C_RELAY1,cold
J3,control,5,RLY2,C_RELAY2,cold
J3,control,6,RLY3,C_RELAY3,cold
J3,control,7,TX,C_UART_TX,cold
J3,control,8,RX,C_UART_RX,cold
U1,control,1,GND,C_GND,cold
U1,control,2,GND,C_GND,cold
U1,control,3,3V3,C_3V3,cold
U1,control,4,NC,NC,unused
U1,control,5,IO2,C_STRAP2,cold
U1,control,6,IO3,C_RELAY3,cold
U1,control,7,NC,NC,unused
U1,control,8,EN,C_EN,cold
U1,control,9,NC,NC,unused
U1,control,10,NC,NC,unused
U1,control,11,GND,C_GND,cold
U1,control,12,IO0,C_RELAY1,cold
U1,control,13,IO1,C_RELAY2,cold
U1,control,14,GND,C_GND,cold
U1,control,15,NC,NC,unused
U1,control,16,IO10,C_UART_TX,cold
U1,control,17,NC,NC,unused
U1,control,18,IO4,C_KEY1,cold
U1,control,19,IO5,C_KEY2,cold
U1,control,20,IO6,C_KEY3,cold
U1,control,21,IO7,C_UART_RX,cold
U1,control,22,IO8,C_STRAP8,cold
U1,control,23,IO9,C_BOOT,cold
U1,control,24,NC,NC,unused
U1,control,25,NC,NC,unused
U1,control,26,IO18,C_USB_N,cold
U1,control,27,IO19,C_USB_P,cold
U1,control,28,NC,NC,unused
U1,control,29,NC,NC,unused
U1,control,30,IO20,C_U0RX,cold
U1,control,31,IO21,C_U0TX,cold
U1,control,32,NC,NC,unused
U1,control,33,NC,NC,unused
U1,control,34,NC,NC,unused
U1,control,35,NC,NC,unused
U1,control,36,GND,C_GND,cold
U1,control,37,GND,C_GND,cold
U1,control,38,GND,C_GND,cold
U1,control,39,GND,C_GND,cold
U1,control,40,GND,C_GND,cold
U1,control,41,GND,C_GND,cold
U1,control,42,GND,C_GND,cold
U1,control,43,GND,C_GND,cold
U1,control,44,GND,C_GND,cold
U1,control,45,GND,C_GND,cold
U1,control,46,GND,C_GND,cold
U1,control,47,GND,C_GND,cold
U1,control,48,GND,C_GND,cold
U1,control,49,GND,C_GND,cold
U1,control,50,GND,C_GND,cold
U1,control,51,GND,C_GND,cold
U1,control,52,GND,C_GND,cold
U1,control,53,GND,C_GND,cold
R30,control,1,~,C_3V3,cold
R30,control,2,~,C_EN,cold
R31,control,1,~,C_3V3,cold
R31,control,2,~,C_STRAP2,cold
R32,control,1,~,C_3V3,cold
R32,control,2,~,C_STRAP8,cold
R33,control,1,~,C_3V3,cold
R33,control,2,~,C_BOOT,cold
C30,control,1,~,C_EN,cold
C30,control,2,~,C_GND,cold
C31,control,1,~,C_3V3,cold
C31,control,2,~,C_GND,cold
C32,control,1,~,C_3V3,cold
C32,control,2,~,C_GND,cold
U4,control,1,GND,C_GND,cold
U4,control,2,OUT/TAB,C_3V3,cold
U4,control,3,IN,C_5V,cold
C33,control,1,~,C_5V,cold
C33,control,2,~,C_GND,cold
C34,control,1,~,C_3V3,cold
C34,control,2,~,C_GND,cold
C35,control,1,~,C_3V3,cold
C35,control,2,~,C_GND,cold
TP1,control,1,1,C_GND,cold
TP2,control,1,1,C_3V3,cold
TP3,control,1,1,C_EN,cold
TP4,control,1,1,C_BOOT,cold
TP5,control,1,1,C_U0RX,cold
TP6,control,1,1,C_U0TX,cold
TP7,control,1,1,C_USB_N,cold
TP8,control,1,1,C_USB_P,cold
SW1,control,1,1,C_KEY1,cold
SW1,control,2,2,C_GND,cold
R34,control,1,~,C_3V3,cold
R34,control,2,~,C_KEY1,cold
C36,control,1,~,C_KEY1,cold
C36,control,2,~,C_GND,cold
SW2,control,1,1,C_KEY2,cold
SW2,control,2,2,C_GND,cold
R35,control,1,~,C_3V3,cold
R35,control,2,~,C_KEY2,cold
C37,control,1,~,C_KEY2,cold
C37,control,2,~,C_GND,cold
SW3,control,1,1,C_KEY3,cold
SW3,control,2,2,C_GND,cold
R36,control,1,~,C_3V3,cold
R36,control,2,~,C_KEY3,cold
C38,control,1,~,C_KEY3,cold
C38,control,2,~,C_GND,cold
